【NASA机器学习/深度学习应用】《NASA Perspectives on Deep Learning - insideHPC》by Nikunj Oza,http://t.cn/R0zMkq4
"《Ngram2vec: Learning Improved Word Representations from Ngram Co-occurrence Statistics》Z Zhao, T Liu, S Li, B Li, X Du [Renmin University of China & Beijing Normal University] (2017)",http://t.cn/R0zMukO
《Empower Sequence Labeling with Task-Aware Neural Language Model》 [University of Illinois at Urbana-Champaign & University of Southern California & Shanghai Jiao Tong University & Facebook] (2017),http://t.cn/R0zMRIM
updated to v2,http://t.cn/RShTl40
"《Inference in Graphical Models via Semidefinite Programming Hierarchies》M A. Erdogdu, Y Deshpande, A Montanari [Microsoft Research & MIT & Stanford University] (2017)",http://t.cn/R0zMltt
"《A Probabilistic Framework for Nonlinearities in Stochastic Neural Networks》Q Su, X Liao, L Carin [Duke University] (2017)",http://t.cn/R0zMOyg
"《Triangle Generative Adversarial Networks》Z Gan, L Chen, W Wang, Y Pu, Y Zhang, H Liu, C Li, L Carin [Duke University] (2017)",http://t.cn/R0zMpi0
"《When is a Convolutional Filter Easy To Learn?》S S. Du, J D. Lee, Y Tian [CMU & University of Southern California & Facebook Artificial Intelligence Research] (2017)",http://t.cn/R0zMCID
"《Weld: Rethinking the Interface Between Data-Intensive Applications》S Palkar, J Thomas, D Narayanan... [Stanford University & MIT CSAIL & Imperial College London] (2017)",http://t.cn/R0zMKU1
《今日学术视野(2017.09.21)》,http://t.cn/R0zMtoz
《爱可可老师24小时热门分享(2017.09.20)》,http://t.cn/R075xeW
【DeepMind's AI零基础学习怎样运动】《DeepMind's AI Learns Locomotion From Scratch | Two Minute Papers #190 - YouTube》,http://t.cn/R07LNLZ
《CNN中千奇百怪的卷积方式大汇总》by Xf Mao,http://t.cn/R0hgIOD
【以色列的Healthymize通过分析声音诊断哮喘、心脏衰竭和精神疾病症状】《Startup that detects your ills by analyzing your voice wins contest | The Times of Israel》,http://t.cn/R0hf3IJ
《neon v2.1.0: Leveraging Intel,http://t.cn/R0hfGWW
“Call for Papers | ML4H: NIPS Workshop on Machine Learning for Health”,http://t.cn/R0hVFrO
"【计算语言学导论】《Introduction to Computational Linguistics》 by E Charniak, M Johnson (2013)",http://t.cn/R0h520s
【马尔科夫链随机生成Python代码】《Generating random python code using Markov chains》by Radomír Bosák,http://t.cn/R0hbWal
《如何学习tableau？ - 知乎》,http://t.cn/RColXnH
《为什么说「免费的其实是最贵的」？ - 知乎》,http://t.cn/RbrpMKx
《打造AI训练基础平台！Unity推出Machine Learning Agents》via:,http://t.cn/R0PMefc
《继AI生成二次元头像之后，新一代线稿上色AI来袭》via:,http://t.cn/R0Pj8LL
《Artificial intelligence just made guessing your password a whole lot easier | Science | AAAS》,http://t.cn/R0PNMfq
【关于未来NLP会议的几点思考】《Some Thoughts on the Future of NLP Conferences》by Dirk Hovy,http://t.cn/R0PCOs1
《搜喵输入法：用seq2seq训练自己的拼音输入法》by Guan Wang,http://t.cn/R0vRRiK
《用IDCNN和CRF做端到端的中文实体识别》by Guan Wang,http://t.cn/R0v8sHi
《用Bi-GRU和字向量做端到端的中文关系抽取》by Guan Wang,http://t.cn/R0v8EuL
'A curated list of resources for NLP (Natural Language Processing) for Chinese 中文自然语言处理相关资料' by Guan Wang GitHub: https ://github .com/crownpku/awesome-chinese-nlp ​​​​,none
'中文语料小数据：Some useful Chinese corpus datasets' by Guan Wang GitHub:,http://t.cn/R0vQgsk
《用Rasa NLU构建自己的中文NLU系统》by Guan Wang,http://t.cn/R0vQ8i5
《谷歌DeepMind首度放出记录电影《AlphaGo》预告片，涵盖更多意味深长的“人机大战”细节》via:DeepTech深科技,http://t.cn/R0vX3qW
【ACL 2017 Slides/Posters集锦】《Association for Computational Linguistics | SlideShare》,http://t.cn/R0vShfg
《Introducing: Unity Machine Learning Agents》,http://t.cn/R0vaena
“Deep learning is a jackhammer” via:Smerity ​​​​,none
【深度学习NLP七大应用】《7 Applications of Deep Learning for Natural Language Processing | Machine Learning Mastery》by Jason Brownlee,http://t.cn/R0vaQAS
【深度学习导论】《Introduction to Deep Learning》by Eugene Charniak,http://t.cn/R0vaY4x
【动态可扩展神经网络详解】《Dynamically Expandable Neural Networks》by Harshvardhan Gupta,http://t.cn/R0vaauC
【纪录片《AlphaGo》】《AlphaGo》,http://t.cn/R0vaG3Y
《From IF-THEN-ELSE to DEEP LEARNING - YouTube》by Bart Baesens,http://t.cn/R0vazDa
"【深度学习不确定性】《Uncertainty in deep learning - YouTube》by Inbar Naor, Taboola",http://t.cn/R0vavdj
"《Hierarchical Gated Recurrent Neural Tensor Network for Answer Triggering》W Li, Y Wu [Peking University] (2017)",http://t.cn/R0vXBRt
"《Towards Building a Knowledge Base of Monetary Transactions from a News Collection》J R. Benetka, K Balog, K Nørvåg [Norwegian University of Science and Technology & University of Stavanger] (2017)",http://t.cn/R0vX3sX
"《Learning a Fully Convolutional Network for Object Recognition using very few Data》C Reinders, H Ackermann, M Y Yang, B Rosenhahn [Leibniz University Hanover & University of Twente] (2017)",http://t.cn/R0vXmaP
"《AI Programmer: Autonomously Creating Software Programs Using Genetic Algorithms》K Becker, J Gottschlich [Bloomberg LP & Intel Labs] (2017)",http://t.cn/R0vXTgo
"《Gaussian Process Latent Force Models for Learning and Stochastic Control of Physical Systems》S Särkkä, M A. Álvarez, N D. Lawrence [Aalto University & University of Sheffield] (2017)",http://t.cn/R0vXlh6
"《Revisiting the Arcade Learning Environment: Evaluation Protocols and Open Problems for General Agents》M C. Machado, M G. Bellemare... [University of Alberta & Google Brain & Franklin & Marshall College & DeepMind & Microsoft Research] (2017)",http://t.cn/R0vXiSo
"《N2N Learning: Network to Network Compression via Policy Gradient Reinforcement Learning》A Ashok, N Rhinehart, F Beainy, K M. Kitani [CMU & Volvo Construction Equipment] (2017)",http://t.cn/R0vXMwC
"《Embedding Deep Networks into Visual Explanations》Z Qi, F Li [Oregon State University] (2017)",http://t.cn/R0vXVLa
"《Mapping temporal-network percolation to weighted, static event graphs》M Kivelä, J Cambe, J Saramäki, M Karsai [Aalto University School of Science & Univ Lyon] (2017)",http://t.cn/R0vXtTC
"《Fast YOLO: A Fast You Only Look Once System for Real-time Embedded Object Detection in Video》M J Shafiee, B Chywl, F Li, A Wong [University of Waterloo] (2017)",http://t.cn/R0vXq1q
"《ZhuSuan: A Library for Bayesian Deep Learning》J Shi, J Chen, J Zhu, S Sun, Y Luo, Y Gu, Y Zhou [Tsinghua University] (2017)",http://t.cn/R0vXGc4
"《The Uncertainty Bellman Equation and Exploration》B O'Donoghue, I Osband, R Munos, V Mnih [Deepmind] (2017)",http://t.cn/R0vX4vZ
"《Video Object Segmentation Without Temporal Information》K Maninis, S Caelles, Y Chen, J Pont-Tuset, L Leal-Taixé, D Cremers, L V Gool [ETHZ, Zurich] (2017)",http://t.cn/R0vX2Dt
《今日学术视野(2017.09.20)》,http://t.cn/R0vXPwM
《爱可可老师24小时热门分享(2017.09.19)》,http://t.cn/RpsotUt
【活用GTA V合成Kaggle Carvana竞赛扩展训练数据】《Hacking GTA V for Carvana Kaggle Challenge》by Deep Systems,http://t.cn/RpsageE
【数据科学家必须掌握的六种概率分布】《6 Probability Distributions every data science professional should know》by Radhika Nijhawan,http://t.cn/RpsiWPl
《How to Make Music and Art With Google Artificial Intelligence AI TensorFlow? - YouTube》by Join Douglas Eck,http://t.cn/Rpsi2Pr
"""最佳玩伴""",http://t.cn/RpsxZg2
【(C++ / Python)Selective Search目标检测】《Selective Search for Object Detection (C++ / Python) | Learn OpenCV》by Vaibhaw Singh Chandel,http://t.cn/RpsVw0q
最新Demo:,http://t.cn/RpDl6cP
【用Jupyter notebook玩转地理信息分析/可视化】’GeoNotebook - A Jupyter notebook extension for geospatial visualization and analysis' by OpenGeoscience GitHub: https ://github .com/OpenGeoscience/geonotebook ​​​​,none
【t-SNE详解(纯Numpy实现)】《In Raw Numpy: t-SNE》by liam schoneveld,http://t.cn/RpDlvfT
"【Facebook AI Research发布的PyTorch版序列到序列学习工具集fairseq】“PyTorch version of fairseq, a sequence-to-sequence learning toolkit from Facebook AI Research” GitHub: https ://github .com/facebookresearch/fairseq-py ref:《Convolutional Sequence to Sequence Learning》 ​",none
【机器学习技巧讨论：简单可靠的特征是解决问题的关键】《Machine Learning Tips》 GitHub: https ://github .com/random-forests/tensorflow-workshop/blob/master/ML-tips.md ​​​​,none
"【EMNLP 2017亮点回顾】《Highlights of EMNLP 2017: Exciting Datasets, Return of the Clusters, and More! | AYLIEN》by Sebastian Ruder",http://t.cn/RpDW0r8
"《Capturing Dependency Syntax with ""Deep"" Sequential Models》by Yoav Goldberg",http://t.cn/RpDWKef
"《Memory Augmented Neural Networks for Natural Language Processing》by Caglar Gulcehre, Sarath Chandar",http://t.cn/RpDWfO7
"《""Does This Vehicle Belong to You""? Processing the Language of Policing for improving Police-Community Relations》by Dan Jurafsky",http://t.cn/RpDWLJ7
"《Unsupervised state representation learning with robotic priors: a robustness benchmark》T Lesort, M Seurin, X Li, N D Rodríguez, D Filliat [Universite Paris Saclay] (2017)",http://t.cn/RpDOrAZ
"《Unsupervised Deep Homography: A Fast and Robust Homography Estimation Model》T Nguyen, S W. Chen, S S. Shivakumar, C J. Taylor, V Kumar [University of Pennsylvania] (2017)",http://t.cn/RpDOm9b
Home:,http://t.cn/RpDORaB
"《Adversarial Training for Relation Extraction》Y Wu, D Bamman, S Russell [UC Berkeley] (2017)",http://t.cn/RpDOQSV
"《Optimal approximation of piecewise smooth functions using deep ReLU neural networks》P Petersen, F Voigtlaender [Technische Universitat Berlin] (2017)",http://t.cn/RpDO0u7
"《Feature-Fused SSD: Fast Detection for Small Objects》G Cao, X Xie, W Yang, Q Liao, G Shi, J Wu [Xidian University] (2017)",http://t.cn/RpDO9BF
"《LSTM Fully Convolutional Networks for Time Series Classification》F Karim, S Majumdar, H Darabi, S Chen [University of Illinois at Chicago] (2017)",http://t.cn/RpDOSZw
"《Learning Functional Causal Models with Generative Neural Networks》O Goudet, D Kalainathan, P Caillou... [Universite Paris-Saclay & Facebook AI Research] (2017)",http://t.cn/RpDOihF
"《Supervising Unsupervised Learning》V K. Garg, A Kalai [MIT & Microsoft Research] (2017)",http://t.cn/RpDOcaI
《今日学术视野(2017.09.19)》,http://t.cn/RpDObYC
帮转,none
《爱可可老师24小时热门分享(2017.09.18)》,http://t.cn/RpepzGG
《如何利用深度学习诊断心脏病》via:,http://t.cn/RpgxsIJ
《有没有值得推荐的随机森林 Random Forest教材？ - 知乎》,http://t.cn/RpeIjtj
《在科研路上大家有什么经验教训? - 知乎》,http://t.cn/RpeISao
《读研/博期间你积累了哪些重要的科研经验？ - 知乎》,http://t.cn/RpeIzda
《如何提升自己科研论文中讲story的能力？ - 知乎》,http://t.cn/RpefgNc
【iPhone X头上的“齐刘海”基本就是一台Kinect】《The iPhone X’s notch is basically a Kinect | The Verge》by Paul Miller,http://t.cn/RpBdKYn
"""天生色盲的威廉一直活在黑白世界里，在他66岁生日时，家人为他买了一副Enchroma眼镜，这种眼镜的镜片可以矫正颜色，帮助色盲的人看到色彩。于是老爹人生第一次看到了彩色世界。” src:",http://t.cn/Rpet2iS
【AI银幕启示录】《What do movies teach us about Artificial Intelligence?》by Prashant Gupta,http://t.cn/RpeUumV
#转发赠书#,http://t.cn/Rpg18sv
《如何评价卡内基梅隆大学的开源项目 OpenPose？ - 知乎》,http://t.cn/RprRAiZ
"“dlib 19.7 released - New deep learning multi-class object detector, also runs faster at 98fps”",http://t.cn/Rpr8XKr
【(深度网络)通用对抗干扰】《Universal Adversarial Perturbations - YouTube》,http://t.cn/RprQFr6
【Photogrammetry(3D测量/重建)+画风迁移打造的二次元梦幻世界】src:,http://t.cn/RprHplr
//,none
“SciPy 1.0.0b1 released”,http://t.cn/RprTWxf
【四大特征识破假新闻账号】《Four Ways To Spot Fake News Accounts》by Leon Derczynski,http://t.cn/RprTyeS
今日开奖！,none
【浅谈机器学习中的转导(Transduction)】《Gentle Introduction to Transduction in Machine Learning | Machine Learning Mastery》by Jason Brownlee,http://t.cn/Rpr9Qlt
'Tensorflow implementation of Representation Learning by Learning to Count' by Joseph Lim's research lab GitHub: https ://github .com/gitlimlab/Representation-Learning-by-Learning-to-Count ref:《Representation Learning by Learning to Count》 [University of,none
【基于深度学习的天文目标搜索算法】《New Deep Learning Based Algorithm to Search for Astronomical Objects - YouTube》,http://t.cn/Rpr9oJV
《Improving Sonar Image Patch Matching via Deep Learning》M Valdenegro-Toro [Heriot-Watt University] (2017),http://t.cn/RprKpTX
《Embedded-Graph Theory》A Yokoyama (2017),http://t.cn/RprKN7t
"《Transfer Learning for Performance Modeling of Configurable Systems: An Exploratory Analysis》P Jamshidi, N Siegmund, M Velez, C Kästner, A Patel, Y Agarwal [CMU & Bauhaus-University Weimar] (2017)",http://t.cn/RprKK4U
"《Combining LSTM and Latent Topic Modeling for Mortality Prediction》Y Jo, L Lee, S Palaskar [CMU] (2017)",http://t.cn/RprKau0
"《Principled Multilayer Network Embedding》W Liu, S Yeung, P Chen, T Suzumura, L Chen [University of Electronic Science and Technology of China & IBM Watson Research Center & Boston University] (2017)",http://t.cn/RprKX4G
"《Support Spinor Machine》K Kanjamapornkul, R Pinčák, S Chunithpaisan, E Bartoš [Chulalongkorn University] (2017)",http://t.cn/RprKJX7
"《Pre-training Neural Networks with Human Demonstrations for Deep Reinforcement Learning》G V. d l C Jr, Y Du, M E. Taylor [Washington State University] (2017)",http://t.cn/RprKIFA
《Using NLU in Context for Question Answering: Improving on Facebook's bAbI Tasks》J S. Ball [Pat Inc] (2017),http://t.cn/RprKVlB
"《Convolutional Dictionary Learning》C Garcia-Cardona, B Wohlberg [CCS Division & Theoretical Division] (2017)",http://t.cn/RprK5h7
"《Focusing Attention: Towards Accurate Text Recognition in Natural Images》Z Cheng, F Bai, Y Xu, G Zheng, S Pu, S Zhou [Shanghai Jiaotong University & Fudan University & Shanghai Jiaotong University] (2017)",http://t.cn/RprK48h
"《MODNet: Moving Object Detection Network with Motion and Appearance for Autonomous Driving》M Siam, H Mahgoub, M Zahran, S Yogamani, M Jagersand, A El-Sallab (2017)",http://t.cn/RprKyXl
《The Impact of Local Geometry and Batch Size on the Convergence and Divergence of Stochastic Gradient Descent》V Patel [University of Chicago] (2017),http://t.cn/RprKASZ
"《Basic Filters for Convolutional Neural Networks: Training or Design?》M Doerfler, T Grill, R Bammer, A Flexer (2017)",http://t.cn/RprKhbD
《A Visualization of the Classical Musical Tradition》Y He [University of Oxford & University of London & NanKai University] (2017),http://t.cn/RproDCH
"《Binary-decomposed DCNN for accelerating computation and compressing model without retraining》R Kamiya, T Yamashita, M Ambai, I Sato, Y Yamauchi, H Fujiyoshi [Chubu University & Denso IT Laboratory] (2017)",http://t.cn/RprorGZ
"《Analyzing Hidden Representations in End-to-End Automatic Speech Recognition Systems》Y Belinkov, J Glass [MIT] (2017)",http://t.cn/RpromYj
"《Detection of Unauthorized IoT Devices Using Machine Learning Techniques》Y Meidan, M Bohadana, A Shabtai, M Ochoa, N O Tippenhauer, J D Guarnizo, Y Elovici [Ben-Gurion University of the Negev & Singapore University of Technology] (2017)",http://t.cn/RproQUf
《爱可可老师24小时热门分享(2017.09.17)》,http://t.cn/RpBSPfs
【参照其他插画自动为线稿上色】'STYLE2PAINTS - sketch + style = paints !' by lllyasviel GitHub: https ://github .com/lllyasviel/style2paints,http://t.cn/RpR6CDW
本周热门分享,none
《Python高性能计算库——Numba》via:,http://t.cn/RpuDO4t
《用TensorFlow和TensorBoard从零开始构建ConvNet（CNN）》via:,http://t.cn/RpuDirY
《神经网络中的造物者-GANs》via:,http://t.cn/RpmseA4
《如何快速高效地读完一本书？ - 知乎》,http://t.cn/Rpueuoz
《如何看待大神Geoffrey Hinton的言论，深度学习要另起炉灶，彻底抛弃反向传播？ - 知乎》,http://t.cn/Rpudegy
【NIPS2017论文摘要采集】’Scrapes the abstracts to NIPS 2017 papers.' by Jason Benn GitHub: https ://github .com/JasonBenn/nips-scraper/ data: https ://github .com/JasonBenn/nips-scraper/blob/master/abstracts.md ​​​​,none
"【超市实时自动(检出)结账系统】《Autonomous Checkout, Real Time System v0.21 - YouTube》",http://t.cn/Rpunh1o
【同行评议审稿人滥用来稿情况的代表性调查】《Misuse of Received Manuscripts by Peer Reviewers: A Cross-sectional Survey | Peer Review Congress》,http://t.cn/RpuRX0V
"【KDD2017最佳论文：基于Toeplitz逆协方差的多元时序数据聚类】《Toeplitz Inverse Covariance-Based Clustering of Multivariate Time Series Data》D Hallac, S Vare, S Boyd, J Leskovec [Stanford University] (2017)",http://t.cn/Rpu8TpA
【教程：OpenCV道路通行能力计数】《Tutorial: Counting Road Traffic Capacity with OpenCV》by Andrey Nikishaev,http://t.cn/RpuQ9kx
【从大脑获得灵感，重新思考计算机本质】《Chips Off the Old Block: Computers Are Taking Design Cues From Human Brains | The New York Times》by Cade Metz,http://t.cn/RpuTu35
【Keras性能评测：TensorFlow vs. CNTK vs. MXNet vs. Theano】《Search for the fastest Deep Learning Framework supported by Keras - Data Science Central》by Jasmeet Bhatia,http://t.cn/RpuYwWB
【Euro Truck Simulator 2自驾模拟开发环境工具集】’europilot - A toolkit for controlling Euro Truck Simulator 2 with python to develop self-driving algorithms.' by marshq GitHub:,http://t.cn/Rpujdg2
“行行出状元”,http://t.cn/RpujHjS
【一向神秘的苹果公司开放AI研究的背后】《The Reason Secretive Apple Is Opening Up on Artificial Intelligence》,http://t.cn/RpulrKe
"《One-Shot Visual Imitation Learning via Meta-Learning》C Finn, T Yu, T Zhang, P Abbeel, S Levine [UC Berkeley, & OpenAI] (2017)",http://t.cn/RpuWCKu
"《Shifting Mean Activation Towards Zero with Bipolar Activation Functions》L Eidnes, A Nøkland [Trondheim] (2017)",http://t.cn/RpuWcBR
"《The Conditional Analogy GAN: Swapping Fashion Articles on People Images》N Jetchev, U Bergmann [Zalando Research] (2017)",http://t.cn/RpuWLbS
"《Streamlined Deployment for Quantized Neural Networks》Y Umuroglu, M Jahre [Norwegian University of Science and Technology] (2017)",http://t.cn/RpuWzoM
"《CuRTAIL: ChaRacterizing and Thwarting AdversarIal deep Learning》B D Rouhani, M Samragh, T Javidi, F Koushanfar [University of California San Diego] (2017)",http://t.cn/RpuOk1L
"《A Framework for Generalizing Graph-based Representation Learning Methods》N K. Ahmed, R A. Rossi, R Zhou, J B Lee, X Kong, T L. Willke, H Eldardiry [Intel Labs & PARC & Google & WPI] (2017)",http://t.cn/RpuOB0G
"《Why Do Deep Neural Networks Still Not Recognize These Images?: A Qualitative Analysis on Failure Cases of ImageNet Classification》H S. Lee, A A. Agarwal, J Kim [KAIST] (2017)",http://t.cn/RpuOnZ8
"《Co-training for Demographic Classification Using Deep Learning from Label Proportions》E M Ardehaly, A Culotta [Illinois Institute of Technology] (2017)",http://t.cn/RpuOOQE
"《Urban morphology meets deep learning: Exploring urban forms in one million cities, town and villages across the planet》V Moosavi [ETH Zurich] (2017)",http://t.cn/RpuOisU
"《A Deep Structured Learning Approach Towards Automating Connectome Reconstruction from 3D Electron Micrographs》J Funke, F D Tschopp, W Grisaitis, C Singh, S Saalfeld, S C. Turaga [UPC/CSIC Barcelona & ETH Zurich & Howard Hughes Medical Instutute] (2017)",http://t.cn/RpuOqDS
"《Action Schema Networks: Generalised Policies with Deep Learning》S Toyer, F Trevizan, S Thiebaux, L Xie [Australian National University] (2017)",http://t.cn/RpuO4Q0
《Probability Reversal and the Disjunction Effect in Reasoning Systems》S Kak (2017),http://t.cn/RpuOLDP
"《PQk-means: Billion-scale Clustering for Product-quantized Codes》Y Matsui, K Ogaki, T Yamasaki, K Aizawa [National Institute of Informatics, Japan & DWANGO Co & University of Tokyo] (2017)",http://t.cn/RpuO2PN
【Python网络爬虫实例教程(Splinter/Pandas)】《Mastering Python Web Scraping: Get Your Data Back》by Lauren Glass,http://t.cn/Rpm84EY
【Python树状图绘制库】“Toytree - a minimalist tree manipulation and plotting library for Python based on Toyplot”,http://t.cn/Rpn925T
《一文读懂量子机器学习：量子算法基石已经奠定》via:新智元,http://t.cn/RpEjO4H
《量子计算机和量子算法的出现会给机器学习领域带来什么样的变革，为什么会带来这样的变革？原理是什么？ - 知乎》,http://t.cn/RpnSvRP
《Hinton号召AI革命：重头再来；李飞飞等赞成：深度学习不是唯一》via:量子位,http://t.cn/RpEp1fg
《爱可可老师一周论文精选(2017.09.16)》,http://t.cn/RpR1RCJ
《爱可可老师一周热门分享(2017.09.16)》,http://t.cn/RpR1lN0
欢迎参与！,none
【从特征脸看二次元画风变迁】 ​​​​,none
Simple Tensorflow implementation by Junho Kim GitHub: https ://github .com/taki0112/SENet-Tensorflow,none
GitHub(Torch/PyTorch): https ://github .com/ZhouYanzhao/ORN,none
《目前 AI 研究界里「文本风格迁移」有什么重大成果？ - 知乎》,http://t.cn/RpRQXE1
【科学家专属同情卡片】“Sympathy Cards For Scientists” via:Tom Gauld ​​​​,none
【深度学习热潮一瞥：NIPS历年注册情况】 via:Alex Lebrun ​​​​,none
#bilibili#,http://t.cn/RpRTSjV
#bilibili#,http://t.cn/RpRTa2N
#bilibili#,http://t.cn/RpRT60j
【经典书：神经网络的系统介绍】《Neural Networks - A Systematic Introduction》by Raul Rojas (1996),http://t.cn/RpRYasz
【可视化数据分析：纽约出租车交通出行动态】《Dynamics of New York city - Animation | Kaggle》by DrGuillermo,http://t.cn/RpRjFiC
【挨饿的计算机科学家：用机器学习不赚钱的艺术】”Starving computer scientist: How to make no money with machine learning.” by Gene Kogan‏,http://t.cn/RpRjSX2
【柯洁&范辉复盘点评AlphaGo大战】《Ke Jie and DeepMind's Go Ambassador Fan Hui review the 1st AlphaGo vs Ke Jie game - YouTube》,http://t.cn/RpRldMP
【PyTorch数据聚类(Mean Shift)实践】“Clustering with pytorch” by fast.ai Github: https ://github .com/fastai/fastai/blob/master/tutorials/meanshift.ipynb ​​​​,none
【AI背后的线性代数】“All the Linear Algebra You Need for AI” by fast.ai Github: https ://github .com/fastai/fastai/blob/master/tutorials/linalg_pytorch.ipynb ​​​​,none
【机器学习之概率论基础】《Probabiliy theory basics》by Kirill Dubovikov,http://t.cn/RpRWDBX
"“Machine Learning for Creativity and Design | NIPS 2017 Workshop, Long Beach, California, USA”",http://t.cn/RpRWB2u
【基于CUDA的GPU编程入门】《An Introduction to GPU Programming with CUDA - YouTube》by Siraj Raval,http://t.cn/RpROZgf
【让AI改天换地的深度学习】《Deep learning - Changing the Playing Field of Artificial Intelligence - YouTube》by Ruslan Salakhutdinov,http://t.cn/RpR0eF0
【Geoffrey Hinton说AI需要另起炉灶】《Artificial intelligence pioneer says we need to start over》,http://t.cn/RpR0Q18
"《DiSAN: Directional Self-Attention Network for RNN/CNN-free Language Understanding》T Shen, T Zhou, G Long, J Jiang, S Pan, C Zhang [University of Technology Sydney & University of Washington] (2017)",http://t.cn/RpR0Gbh
"《Network Classification and Categorization》J P. Canning, E E. Ingram, S Nowak-Wolff, A M. Ortiz, N K. Ahmed, R A. Rossi, K R. B. Schmitt, S Soundarajan (2017)",http://t.cn/RpR0LH0
"《Autonomous Extracting a Hierarchical Structure of Tasks in Reinforcement Learning and Multi-task Reinforcement Learning》B Ghazanfari, M E. Taylor [Washington State University] (2017)",http://t.cn/RpR0AX4
【心脏核磁共振(MRI)图像分割】《Cardiac MRI Segmentation》by Chuck-Hou Yee,http://t.cn/RpQJdvg
【什么是边缘计算】《What is edge computing? 》by Nati Shalom,http://t.cn/RpQxpu4
【AI量子计算的现状与未来】《The Present and Future of Quantum Computing for AI》by Egor Dezhic,http://t.cn/RCU0az9
【机器学习算法空间高效搜索机制】《Effective mechanisms for searching the space of machine learning algorithms - O'Reilly Media》by Ben Lorica,http://t.cn/RpQIIMn
GitHub: https ://github .com/chi-feng/mcmc-demo,none
【Numba库入门】《Introduction to the Numba library》by Frederik Kratzert,http://t.cn/RpQVXup
《OpenAI发布多智能体深度强化学习新算法LOLA》via:新智元,http://t.cn/RpHssPs
《为什么一定要重视隐式反馈？》by 刑无刀 via:ResysChina,http://t.cn/RpQq0NS
《过去两年基于深度学习的声学模型进展》by 俞栋,http://t.cn/RpQqaqc
《读博之前，我希望有人告诉过我这些（计算机／NLP／机器学习方向）》via:大数据文摘,http://t.cn/RpQGgAq
《深度卷积网络的结构设计》by 黄高 via:,http://t.cn/RpQGIJT
【电商视频目标分割数据集】’GyGO: an E-commerce Video Object Segmentation Dataset(Coming soon…)’ by Visualead GitHub: https ://github .com/ilchemla/gygo-dataset ​​​​,none
【面向快速预测的决策树集成优化框架】’Treelite - a framework to optimize decision tree ensembles for fast prediction' by dmlc GitHub: https ://github .com/dmlc/treelite ​​​​,none
【Javascript几何代数库】’ganja.js - Geometric Algebra for Javascript (with operator overloading and algebraic literals)' by Steven De Keninck GitHub: https ://github .com/enkimute/ganja.js ​​​​,none
【无需编写代码的机器学习服务平台Mateverse】“Mateverse: Machine Learning for You”,http://t.cn/RpHusji
“PyTorch implementation of the Deep Semantic Similarity Model (DSSM)/Convolutional Latent Semantic Model (CLSM)” by Nishant Nikhil GitHub: https ://github .com/nishnik/Deep-Semantic-Similarity-Model-PyTorch ref:《PyTorch: First program and walk through》,http://t.cn/RpHm5mT
【面向Linux党的Windows子系统(WSL)】《Windows for Linux Nerds》by Jessie Frazelle,http://t.cn/RpWY4Sv
Torch7/MATLAB code by Aaron S. Jackson GitHub: https ://github .com/AaronJackson/vrn,none
"【(C++)面向分类/检索/排序的实体嵌入学习】’StarSpace - Learning embeddings for classification, retrieval and ranking.' by Facebook Research GitHub: https ://github .com/facebookresearch/Starspace ref:《StarSpace: Embed All The Things!》 [Facebook AI Research] (2017)  ​​​​..",none
【第一次参加数据科学(网络流量时序预测)竞赛失败教训总结】《The blunders from my first data science competition that you can avoid》by James Dietle,http://t.cn/RpH8mBl
【科研之毒：实验室的暗面】《Poisonous science: the dark side of the lab》,http://t.cn/RpT9Bq1
《解读加实战：爆款论文 SRU 在对话生成上的效果》via:程序媛的日常,http://t.cn/RpTKKMk
【效果惊艳的AR Book】via:Emily Craven,http://t.cn/RpTiQdw
《Probabilistic Programming with GP Applications》by Dustin Tran‏,http://t.cn/RpTiNH2
【为什么Python发展如此迅猛？】《Why is Python Growing So Quickly? | Stack Overflow Blog》by David Robinson,http://t.cn/RpTi5Wu
【Fast.ai深度学习教程浓缩版】“Faster AI: Lesson 7 — TL;DR version of Fast.ai”,http://t.cn/RpTiygv
【恒】 ​​​​,none
“中文通用知识图谱（CN-DBpedia）”,http://t.cn/RpTMs37
【用Simulated GAN破解验证码】《Solving Captchas with Simulated GAN》by Ricky Han,http://t.cn/RpTxIc5
《Gradient Trader Part 1: The Surprising Usefulness of Autoencoders》by Ricky Han,http://t.cn/RpTx4k5
"《A Tutorial on Deep Learning for Music Information Retrieval》K Choi, G Fazekas, K Cho, M Sandler [Queen Mary University of London & NYU] (2017)",http://t.cn/RpTfaz8
"《Sketch-pix2seq: a Model to Generate Sketches of Multiple Categories》Y Chen, S Tu, Y Yi, L Xu [Shanghai Jiao Tong University & The Chinese University of Hong Kong] (2017)",http://t.cn/RpTfImg
《今日学术视野(2017.09.15)》,http://t.cn/RpTf7Ta
《爱可可老师24小时热门分享(2017.09.14)》,http://t.cn/RpYiuaj
【RapidMiner机器学习】《Machine Learning in RapidMiner》by DeviceHive,http://t.cn/RpYx6uN
《Docker + NVIDIA GPU = nvidia-docker》by CeShine Lee,http://t.cn/RpYMYBF
【CNN研究进展与应用】《Research Progress and Application of Convolutional Neural Network》by Carl Li,http://t.cn/RpYVkro
“mpi_util - Parallelizing RL batch algorithms” by garymcintire GitHub: https ://github .com/garymcintire/mpi_util ​​​​,none
【(Python)流推荐算法库】’FluRS: A Python library for streaming recommendation algorithms' by Takuya Kitazawa GitHub: https ://github .com/takuti/flurs ref:,http://t.cn/RpYcqio
【深度学习文献阅读路线图】’Deep Learning papers reading roadmap for anyone who are eager to learn this amazing tech!' by tarry.singh GitHub: https ://github .com/TarrySingh/Deep-Learning-Papers-Reading-Roadmap ​​​​,none
"【AI/机器学习/深度学习相关教程分类大列表】’A comprehensive list of Deep Learning, Machine Learning and Artificial Intelligence tutorials' by tarry.singh GitHub: https ://github .com/TarrySingh/Artificial-Intelligence-Deep-Learning-Machine-Learning-Tutorials ​​​​",none
’Solution to Machine Learning MNIST challenge 2017. [winner]' by Yelysei Bondarenko GitHub: https ://github .com/monsta-hd/ml-mnist ​​​​,none
Chainer Implementation by K.O. GitHub:https ://github .com/Hi-king/superresolution_gan,none
'A Simple Example for Imitation Learning with Dataset Aggregation (DAGGER) on Torcs Env' by Hao GitHub: https ://github .com/zsdonghao/Imitation-Learning-Dagger-Torcs ​​​​,none
'PyTorch-ActorCriticRL - PyTorch implementation of DDPG algorithm for continuous action reinforcement learning problem.' by Vikas Yadav GitHub: https ://github .com/vy007vikas/PyTorch-ActorCriticRL ​​​​,none
【自动机器学习：AutoML的云端部署】《Automated Machine Learning: Deploying AutoML to the Cloud》by Chris Rawles,http://t.cn/RpY2Wc0
"'Implementations of selected reinforcement learning algorithms in Tensorflow. A3C, DDPG, REINFORCE, DQN, etc.' by Yiren Lu GitHub: https ://github .com/stormmax/reinforcement_learning ​​​​",none
"'Implementations of model-based Inverse Reinforcement Learning (IRL) algorithms in python/Tensorflow. Deep MaxEnt, MaxEnt, LPIRL' by Yiren Lu GitHub: https ://github .com/stormmax/irl-imitation ​​​​",none
'Implementation of Simple Recurrent Unit in Keras' by Somshubra Majumdar GitHub: https ://github .com/titu1994/keras-SRU ​​​​,none
notes by Adrian Colyer,http://t.cn/Rpjsk2Y
《如何在Kaggle中高效搜索数据集？》via:,http://t.cn/RpjFsn1
“可解释推荐系统”,none
《Jeff Dean撰文：谷歌大脑是如何完成科研使命的？》via:AI科技评论,http://t.cn/RplQ63y
《从数据科学的角度，看斯坦福神经网络检测性取向的研究》via:机器之心,http://t.cn/RplQf78
《研究AI识别同性恋竟受到死亡威胁！论文作者回应如下》via:AI科技大本营,http://t.cn/RplQzEw
【MS新课(edX)：AI导论】《Introduction to Artificial Intelligence (AI) | edX》by Graeme Malcolm,http://t.cn/Rpb5KKM
【Python数据科学技术实践教程(IPN)】’Practical Python Data Science Techniques' by Marco Bonzanini GitHub: https ://github .com/bonzanini/VideoCourse-DataScienceRecipes ​​​​,none
《无处可藏：人脸识别时代生活报告》via:,http://t.cn/Rp0nqmd
《如何利用机器学习预测房价？》via:,http://t.cn/Rp0nqNR
【是时候对人脸识别AI加以控制了】《High Time to Regulate Face Recognition A.I.》by Carlos E. Perez,http://t.cn/RplyRvq
【Google Brain团队的科研方针】《The Google Brain Team’s Approach to Research | Google Research Blog》by Jeff Dean,http://t.cn/RpWSVhc
《Can Neural Nets Detect Sexual Orientation? A Data Scientist’s Perspective | fast.ai》by Jeremy Howard,http://t.cn/RpWSySI
【基于增强学习的优化学习】《Learning to Optimize with Reinforcement Learning | The Berkeley Artificial Intelligence Research Blog》by Ke Li,http://t.cn/RpWSAQw
"【新发布的万本图书/六百万评价goodbooks图书推荐数据集】’goodbooks-10k - Ten thousand books, six million ratings' by Zygmunt Zając GitHub: https ://github .com/zygmuntz/goodbooks-10k ​​​​",none
【单图片三维人脸重建Demo】“3D Face Reconstruction”,http://t.cn/RpWXRQl
updated  to v3,http://t.cn/RpWXpeq
【(Python)特朗普推特情感分析】《Sentiment analysis on Trump's tweets using Python》by rodolfoferro profile image Rodolfo Ferro,http://t.cn/RpWXoyL
【图片组织工具(自动标记)】’Photo Organizer - to create a core for photo autotagging application using convolutional neural networks’ by Yelysei Bondarenko GitHub: https ://github .com/monsta-hd/photo-organizer ​​​​,none
【一行代码调用TensorFlow模型】’TFI - Use a TensorFlow model in one line of code!' by Adam Bouhenguel GitHub: https ://github .com/ajbouh/tfi ​​​​,none
【牛津大学深度学习自然语言处理课程回顾】《Oxford Course on Deep Learning for Natural Language Processing | Machine Learning Mastery》by Jason Brownlee,http://t.cn/RpWXqCP
【DeepMind星际争霸AI开发环境指南】《A Guide to DeepMind's StarCraft AI Environment - YouTube》by Siraj Raval,http://t.cn/RpW6HTI
【DeepChart：根据代码自动生成深度网络结构图】“DeepChart - Generate images of neural network achitectures” by simon,http://t.cn/RpW6Omt
Time to go~,none
"《Deep Subspace Clustering Networks》P Ji, T Zhang, H Li, M Salzmann, I Reid [University of Adelaide & Australian National University & EPFL] (2017)",http://t.cn/RpW65Fi
"《Continuous-Time Flows for Deep Generative Models》C Chen, C Li, L Chen, W Wang, Y Pu, L Carin [University at Buffalo & Duke University] (2017)",http://t.cn/RpW6bvp
"《Explore, Exploit or Listen: Combining Human Feedback and Policy Model to Speed up Deep Reinforcement Learning in 3D Worlds》Z Lin, B Harrison, A Keech, M O. Riedl [Georgia Institute of Technology] (2017)",http://t.cn/RpW6yUF
"《GIANT: Globally Improved Approximate Newton Method for Distributed Optimization》S Wang, F Roosta-Khorasani, P Xu, M W. Mahoney [UC Berkeley & University of Queensland & Stanford Univeristy] (2017)",http://t.cn/RpW62Ww
"《Hash Embeddings for Efficient Word Representations》D Svenstrup, J M Hansen, O Winther [Technical University of Denmark (DTU) & FindZebra] (2017)",http://t.cn/RpW6zMV
"《Reversible Architectures for Arbitrarily Deep Residual Neural Networks》B Chang, L Meng, E Haber, L Ruthotto, D Begert, E Holtham [University of British Columbia & Xtract Technologies Inc] (2017)",http://t.cn/RpW6hS9
"《OpenNMT: Open-source Toolkit for Neural Machine Translation》G Klein, Y Kim, Y Deng, J Crego, J Senellart, A M. Rush [Harvard University & SYSTRAN] (2017)",http://t.cn/RpW6v0Z
"《Dual Discriminator Generative Adversarial Nets》T D Nguyen, T Le, H Vu, D Phung [Deakin University] (2017)",http://t.cn/RpWiFoG
"《Deep Sets》M Zaheer, S Kottur, S Ravanbakhsh, B Poczos, R Salakhutdinov, A Smola [Amazon Web Services & CMU] (2017)",http://t.cn/R6yTGfK
《今日学术视野(2017.09.14)》,http://t.cn/RpWi1ek
《爱可可老师24小时热门分享(2017.09.13)》,http://t.cn/RpObeSf
【Keras/Tensorflow恶意请求检测】《Detecting Malicious Requests with Keras & Tensorflow》by Adam Kusey,http://t.cn/RpOPRCH
【数据科学家数据安全指南】《Data Security for Data Scientists》by Andrew Therriault,http://t.cn/RpOveqZ
【软件工程师搜索引擎技术指南】《What every software engineer should know about search》by Max Grigorev,http://t.cn/Rp0DO48
“钢琴” ​​​​,none
“一艘远洋货轮的30个日夜”,none
《一文看懂深度学习在语音合成&增强上的应用》by 刘斌 via:,http://t.cn/RpN1YRQ
《EMNLP 2017 | 最佳资源论文：基于概念图的多文档摘要任务》via:程序媛的日常,http://t.cn/RppxA62
【可可老师真心话之微博背后的话】这里的每条微博，不是在说“瞧，我能看懂这么多”或者“我能搜到这么多”，而是“在我看到的所有内容里，我觉得这些最值得读，如果你和我兴趣相投，我希望你也能看到。如果这样能帮你节省时间、开阔视野，我将不胜荣幸。”换个角度，收获可能大不同。 ​​​​,none
【用深度学习生成(Haskell)代码】《Deep Learning for Arbitrary Code Generation: Thesis Presentation - YouTube》by Sam Coope,http://t.cn/RpNpM2n
Home:,http://t.cn/RpNNNT4
【机器学习对话机器人：打造神经网络会话智能体】《Chatbots with Machine Learning: Building Neural Conversational Agents》by Dmitry Persiyanov,http://t.cn/RpNNX2y
“绝不抛下一只干脆面”,http://t.cn/RpNCn09
【命名实体识别与深度学习之路】《Named Entity Recognition and the Road to Deep Learning》by Yves Peirsman,http://t.cn/RpNCtcj
《EMNLP 2017 | 最佳短论文：人类语言的诞生并不是那么容易的》via:程序媛的日常,http://t.cn/RpNCvce
今日焦点：面向工程师的机器学习精要介绍,none
“Use trees. Not too deep. Mostly ensembles.” via:Josh Montague,none
【AI是流行音乐的天使还是魔鬼】《Will Artificial Intelligence Elevate Pop Music or Pervert It? (The Answer is Yes) | Playboy》by Aaron Carnes,http://t.cn/RpN6ypg
"“Google Brain AMA(September 13, 2017) | Reddit”",http://t.cn/RpNiWpR
【深度学习心脏病诊断】《Heart Disease Diagnosis with Deep Learning – Insight Data》by Chuck-Hou Yee,http://t.cn/RpNiNYr
《Introduction to TensorFlow Datasets and Estimators | Google Developers Blog》,http://t.cn/RpNiMIo
“Chainer v3.0.0rc1 Released”,http://t.cn/RpNiqbM
【如何在Kaggle查找数据集】《How can I find a dataset on Kaggle? | No Free Hunch》,http://t.cn/RpNi7uV
“NIPS2017 list of accepted paper”,http://t.cn/RpNJD2j
"【Finn.no基于深度学习NLP的推荐系统】《Deep NLP-based Recommenders at Finn.no》by Joakim Rishaug, Simen Eide",http://t.cn/RpNJWD7
【OpenAI Gym实战笔记】《AI Gym Workout》by Patrick Coady,http://t.cn/RpNJpDE
【(TensorFlow)CNN虚假垃圾评论检测】《Deceptive Spam Review Detection With Cnn Using Tensorflow | ExpertML》by Miguel KAKANAKOU Part1:,http://t.cn/RpNJqsm
【(Python)基于Amazon评论数据的Word2Vec词向量模型训练与可视化】《Build and Visualize Word2Vec Model on Amazon Reviews | ExpertML》by Miguel KAKANAKOU,http://t.cn/RpNJAdX
【机器学习与深度学习：实际部署与未来两年最佳实践】《Machine & Deep Learning: Practical Deployments and Best Practices for the Next Two Years - YouTube》by Arno Kolster,http://t.cn/RpNJz1W
【深度学习的表征与基准】《Characterization and Benchmarking of Deep Learning - YouTube》by Natalia Vassilieva,http://t.cn/RpNJvyB
"《Simultaneous Dimension Reduction and Clustering via the NMF-EM Algorithm》L Carel, P Alquier [Université Paris Saclay] (2017)",http://t.cn/RpNxn0v
"《Sentiment Polarity Detection for Software Development》F Calefato, F Lanubile, F Maiorano, N Novielli [University of Bari] (2017)",http://t.cn/RpNxQdX
"《The Ubiquity of Large Graphs and Surprising Challenges of Graph Processing: A User Survey》S Sahu, A Mhedhbi, S Salihoglu, J Lin, M. T Özsu [University of Waterloo] (2017)",http://t.cn/RpNxjgL
《Deep Residual Networks and Weight Initialization》M Taki [RIKEN] (2017),http://t.cn/RpNxOic
"《Towards Proving the Adversarial Robustness of Deep Neural Networks》G Katz, C Barrett, D L. Dill, K Julian, M J. Kochenderfer [Stanford University] (2017)",http://t.cn/RpNxCPi
《TensorFlow新功能解锁：用户可以在TensorBoard中增加自定义可视化插件》via:AI科技评论,http://t.cn/RpKHyf3
《Python成为高收入国家增长最快的语言》via:,http://t.cn/RpKT8PM
Authors' note,http://t.cn/RpKpc4G
【教程：基于OpenCV的道路车流计数App】《Tutorial: Making Road Traffic Counting App based on Computer Vision and OpenCV》by Andrey Nikishaev,http://t.cn/RpKCzly
【神经网络机器翻译(NMT)实践笔记】《Second attempt at building a language translator - Using a sequence-to-sequence model with attention》by Runze Wang,http://t.cn/RpK9iLZ
【medium百篇Python热门文章选集】《TOP 100 Python articles on medium (until Jan 2017)》by Florin Badita,http://t.cn/RpKKTmm
【15分钟在Google Cloud上架设Jupyter Notebook】《Running Jupyter Notebook on Google Cloud Platform in 15 min》by Amulya Aankul,http://t.cn/RpKKchz
《全球首款量产无人驾驶汽车发布，通用汽车抢滩L4》via:新智元,http://t.cn/RpKATO2
如果你爱它，就把它发到arXiv，因为那里是圣殿；如果你恨它，就把它发到arXiv，因为那里是垃圾场,none
《一步一步带你用TensorFlow玩转LSTM》via:,http://t.cn/RpSdGpN
《DeepMind 关系推理网络大揭秘》via:,http://t.cn/Rpoiytz
【用层次Softmax语义树训练词向量】《Semantic trees for training word embeddings with hierarchical softmax | Lateral》by Matthias,http://t.cn/RpoJpet
“Numba 0.35 Released”,http://t.cn/RpoxdL2
【可扩展机器学习】《Scalable Machine Learning》by Tom Augspurger Part1:,http://t.cn/RpoxbPi
明日开奖！,none
【用于紧迫时间在线阅读的有用缩写】“Useful abbreviations for the time-pressed online reader” via:Tom Gauld ​​​​,none
【Ye】 ​​​​,none
《 Machine learning about sexual orientation?》,http://t.cn/RpoIQz8
【如何证明深度网络损失函数是非凸的】《How can you prove that the loss functions in Deep Neural nets are non-convex? | Quora》,http://t.cn/RpoI6rA
【今日限免：Python社交媒体挖掘】《Mastering Social Media Mining with Python》by Marco Bonzanini  (Packt 2016),http://t.cn/RwMjPm3
【科学家发现大脑活动的隐藏模式】《Scientists discover hidden patterns of brain activity》,http://t.cn/Rpofsi9
【向来如此】“All the time” via:banksy ​​​​,none
【波特兰房价(住宅销售价格)预测】《Predicting Portland Home Prices – Lauren Shareshian》by Lauren Shareshian,http://t.cn/RpofJY0
"【将CNN集成到企业应用：生产级实时图像分类系统构建】《Integrating convolutional neural networks into enterprise applications | O'Reilly Media》by Josh Patterson, Kirit Basu",http://t.cn/RpobDsB
【Cruise如何打造出第一台真正的自驾车】《How we built the first real self-driving car (really)》by Kyle Vogt,http://t.cn/RpobtbU
‘(TensorFlow)OpenSeq2Seq: multi-gpu sequence to sequence learning' by NVIDIA GitHub: https ://github .com/NVIDIA/OpenSeq2Seq ​​​​,none
今日焦点：通过简化状态计算引入更高并行度提高RNN性能  Reddit:,http://t.cn/Rpo4cnT
【写作与推敲】《How Academics Survive the Writing Grind: Some Anecdotal Advice | Literary Hub》by Helen Sword,http://t.cn/RpqpobR
"《Machine learning & artificial intelligence in the quantum domain》V Dunjko, H J. Briegel [Max Planck Institute of Quantum Optics & University of Konstanz] (2017)",http://t.cn/Rpoy0lh
"《Training RNNs as Fast as CNNs》T Lei, Y Zhang [ASAPP Inc & MIT CSAIL] (2017)",http://t.cn/RpoyKQi
《今日学术视野(2017.09.12)》,http://t.cn/RpoyXRs
《爱可可老师24小时热门分享(2017.09.11)》,http://t.cn/RpSGfGz
"《TensorLy, now also with PyTorch backend - Jean Kossaifi's Home Page》",http://t.cn/Rpa3aTg
'terngrad - Ternary Gradients to Reduce Communication in Distributed Deep Learning (TensorFlow)' by Wei Wen GitHub: https ://github .com/wenwei202/terngrad ref:《TernGrad: Ternary Gradients to Reduce Communication in Distributed Deep Learning》 (2017),http://t.cn/RpauG0u
#转发赠书#,http://t.cn/RpajCff
《如何更好地理解神经网络的正向传播？我们需要从「矩阵乘法」入手》via:机器人圈,http://t.cn/RpXlszZ
【推荐系统与医疗决策】《Medical advice as a Recommender System》by Xavier Amatriain,http://t.cn/Rp6kwNJ
《CMU研究者探索新卷积方法：在实验中可媲美基准CNN》via:机器之心,http://t.cn/Rp6328I
《精度平均最高80%：机器学习+全基因组测序，准确预测人体特征》via:新智元,http://t.cn/Rp6N1Hc
【斯坦福深度学习自然语言处理课程回顾】《Review of Stanford Course on Deep Learning for Natural Language Processing | Machine Learning Mastery》by Jason Brownlee,http://t.cn/Rp6R8Xa
《NVIDIA Researchers Release Trailblazing Deep Learning-Based Framework for Autonomous Drone Navigation | NVIDIA Developer News Center》,http://t.cn/Rp68Hhw
【NVIDIA Jetson开源项目：可穿梭丛林的自驾避障飞行器】’NVIDIA Redtail project' GitHub: https ://github .com/NVIDIA-Jetson/redtail ref:《Toward Low-Flying Autonomous MAV Trail Navigation using Deep Neural Networks for Environmental Awareness》(2017),http://t.cn/Rp68LRI
《Under The Hood of Neural Network Forward Propagation — The Dreaded Matrix Multiplication》by Matt Ross,http://t.cn/Rp6YBC4
【神经网络机器翻译(NMT)相关资源汇总】《Some Useful Links on Neural Machine Translation》by Grand Janitor,http://t.cn/Rp6j7ft
【神经网络基础：感知器到底是个啥】《What the Hell is Perceptron? 》by SAGAR SHARMA,http://t.cn/Rp6ljeq
'Char-RNN-Gluon - 使用MXNet的动态图接口Gluon实现Char RNN生成古诗和周杰伦的歌词' by Liao Xingyu GitHub: https ://github .com/SherlockLiao/Char-RNN-Gluon ​​​​,none
“嵌入式AI 双周简报” by PerfXLab GitHub: https ://github .com/PerfXLab/embedded_ai ​​​​,none
《算法工程师和软件工程师的区别在哪里，他们工作是如何合作的？ - 知乎》,http://t.cn/Rp69sX6
《大多数DeepLearning 只要求16位浮点数处理能力吗？为什么不要求FP32，FP64？ - 知乎》,http://t.cn/Rp69RQP
"【增强学习工具箱】’reinfore learning tool box, contains trpo, a3c algorithm for continous action space' by jjkke88 GitHub:",http://t.cn/Rp69b9u
"'Recursive application of recurrent neural networks, for hierarchical intent parsing' by Sean Robertson GitHub: https ://github .com/spro/RARNN ​​​​",none
【两分钟论文解读之符合物理学的图片/视频编辑】《Physics-based Image and Video Editing | Two Minute Papers #187 - YouTube》,http://t.cn/Rp6MTdk
恭喜,http://t.cn/Rp6IYFe
Part3: fine-tuning,http://t.cn/Rp6IVFQ
恭喜,http://t.cn/Rp6VQGs
Reddit:,http://t.cn/Rp6cmw3
"《Using kk-way Co-occurrences for Learning Word Embeddings》D Bollegala, Y Yoshida, K Kawarabayashi [University of Liverpool & National Institute of Informatics, Japan] (2017)",http://t.cn/RpJd4Bv
"《A Multilayer-Based Framework for Online Background Subtraction with Freely Moving Cameras》Y Zhu, A Elgammal [Rutgers University] (2017)",http://t.cn/RpJdyR1
"《Deep Convolutional Neural Network for Age Estimation based on VGG-Face Model》Z Qawaqneh, A A Mallouh, B D. Barkana [University of Bridgeport] (2017)",http://t.cn/RpJrFOD
"《Medical Image Analysis using Convolutional Neural Networks: A Review》A Qayyum, S M Anwar, M Majid, M Awais, M Alnowami [University of Engineering, and Technology, Taxila] (2017)",http://t.cn/RpJrDMG
"《XFlow: 1D-2D Cross-modal Deep Neural Networks for Audiovisual Classification》C Cangea, P Veličković, P Liò [University of Cambridge] (2017)",http://t.cn/RpJrg75
"《Deep Embedding Convolutional Neural Network for Synthesizing CT Image from T1-Weighted MR Image》L Xiang, Q Wang, D Nie, Y Qiao, D Shen [Shanghai Jiao Tong University & Shenzhen Institutes of Advanced Technology] (2017)",http://t.cn/RpJrB9T
《爱可可老师24小时热门分享(207.09.10)》,http://t.cn/RpJUr2s
【(Keras)实时多人姿态估计】’Realtime Multi-Person Pose Estimation - Keras version of Realtime Multi-Person Pose Estimation project' by Michal Faber GitHub: https ://github .com/michalfaber/keras_Realtime_Multi-Person_Pose_Estimation ​​​​,none
《Does Your Genome Predict Your Face? Not Quite Yet》,http://t.cn/RpMIFn8
【Google神经网络机器翻译模型训练量一瞥】via:siraferradans ​​​​,none
第一句，也是我心目中爬虫/反爬虫的终极之道,none
“如何使用深度学习搞定《流放之路》” via:AI科技大本营,http://t.cn/RpMUJus
《准确率98%的深度学习交通标志识别是如何做到的？》via:,http://t.cn/RpMyUuY
《Yoshua Bengio等人提出MILABOT：强化学习聊天机器人》via:机器之心,http://t.cn/RpMZRiV
《从算法到训练，综述强化学习实现技巧与调试经验》via:机器之心,http://t.cn/RpIVCI0
【数据可视化现状概览】《The State of Data Visualization》,http://t.cn/Rpf3Nkm
【技术成就了假新闻，也终将帮我们消灭它们】《Technology brought us fake news — and it will help us kill it | The Seattle Times》by Delip Rao,http://t.cn/RpfmM1i
【机器学习入门建议】《An annotated path to start with Machine Learning》by Giuseppe Bonaccorso,http://t.cn/RpfE3uf
【默】沉默的对手最可怕，无从了解，甚至无从知晓，也就无可对策；沉默的朋友最可靠，真心的关注、倾听和支持远胜千言万语；沉默的老师最可敬，慎思笃行，大爱无言，渡人于无形。,none
本周热门论文,none
"【面向小盆友的数值计算系列教程，内容(将)覆盖 计算机科学/Python编程/数值计算/数论/数据可视化/深度学习】’A series of notebooks that help teach kids principles of programming, python and maths.' by Mikko Kotila GitHub: https ://github .com/mikkokotila/jupyter4kids ​​​​",none
PyTorch implementation by Kate Rakelly GitHub: https ://github .com/katerakelly/pytorch-maml,none
【今日限免：(Python)日常事务自动化指南】《Automate it! - Recipes to upskill your business》by Chetan Giridhar (Packt 2017),http://t.cn/Rpf4dUk
【讨论：“这蠢招儿还真行”的例子？】《What is the dumbest solution to a problem that actually worked? (inspired by AskReddit thread) | Reddit》,http://t.cn/Rpf4pX0
'vae-celebA - Variational auto-encoder trained on celebA . All rights reserved.' by yyyzzzwww GitHub: https ://github .com/yzwxx/vae-celebA ​​​​,none
"《Unsupervised feature learning with discriminative encoder》G Pandey, A Dukkipati [Indian Institute of Science] (2017)",http://t.cn/RpfL7y4
"《Bayesian Optimisation for Safe Navigation under Localisation Uncertainty》R Oliveira, L Ott, V Guizilini, F Ramos [The University of Sydney] (2017)",http://t.cn/Rpf2sCo
"《Grasping the Finer Point: A Supervised Similarity Network for Metaphor Detection》M Rei, L Bulat, D Kiela, E Shutova [University of Cambridge & Facebook AI Research] (2017)",http://t.cn/Rpf2dqY
"《Domain-adaptive deep network compression》M Masana, J v d Weijer, L Herranz, A D. Bagdanov, J M Alvarez [CVC & University of Florence & Toyota Research Institute] (2017)",http://t.cn/Rpf2RfF
"《Deep Convolutional Neural Networks for Raman Spectrum Recognition: A Unified Solution》J Liu, M Osadchy, L Ashton, M Foster, C J. Solomon, S J. Gibson [VisionMetric Ltd & University of Haifa & Lancaster University] (2017)",http://t.cn/Rpf2Wkb
"《Compositional Approaches for Representing Relations Between Words: A Comparative Study》H Hakami, D Bollegala [The University of Liverpool] (2017)",http://t.cn/Rpf2CS2
"《Deep Learning for Medical Image Analysis》M Rezaei, H Yang, C Meinel [Hasso Plattner Institute] (2017)",http://t.cn/Rpf2ajH
"《DeepUNet: A Deep Fully Convolutional Network for Pixel-level Sea-Land Segmentation》R Li, W Liu, L Yang, S Sun, W Hu, F Zhang, W Li [Beijing University of Chemical Technology] (2017)",http://t.cn/Rpf2iaT
"《Approximating meta-heuristics with homotopic recurrent neural networks》A Bay, B Sengupta [Cortexica Vision Systems Ltd] (2017)",http://t.cn/Rpf2fPV
"《Stochastic Gradient Descent: Going As Fast As Possible But Not Faster》A Schoenauer-Sebag, M Schoenauer, M Sebag [UCSF & INRIA-CNRS-UPSud-UPSay & CNRS-UPSud-INRIA-UPSay] (2017)",http://t.cn/Rpf2cGa
"《Deep Learning-Guided Image Reconstruction from Incomplete Data》B Kelly, T P. Matthews, M A. Anastasio [Washington University in Saint Louis] (2017)",http://t.cn/Rpf22LH
"《Learning Neural Word Salience Scores》K Samardzhiev, A Gargett, D Bollegala [University of Liverpool & Science and Technology Facilities Council] (2017)",http://t.cn/Rpf27Ey
《The Voynich Manuscript is Written in Natural Language: The Pahlavi Hypothesis》J. M Herrmann [University of Edinburgh] (2017),http://t.cn/RpfAkEI
《爱可可老师24小时热门分享(2017.09.09)》,http://t.cn/RpcBsUp
"《Major flaws in ""Identification of individuals by trait prediction using whole-genome"" | bioRxiv》",http://t.cn/RpcEIc2
Implementation in Keras by Somshubra Majumdar GitHub: https ://github .com/titu1994/keras-squeeze-excite-network,none
"'Densenet-Tensorflow - Simple Tensorflow implementation of Densenet using Cifar10, MNIST' by Junho Kim GitHub: https ://github .com/taki0112/Densenet-Tensorflow ​​​​",none
《硕士和博士有何区别？ - 知乎》,http://t.cn/R69Cdl9
【用Google Cloud Machine Learning API/Tensorflow实现生成式机器学习】“Generative Machine Learning on the Cloud” GitHub: https ://github .com/google/generativemloncloud ​​​​,none
《捡了芝麻，也要西瓜——深度学习中如何避免灾难性遗忘？》by,http://t.cn/RpcvwM8
为开学季转一记老铁，共勉,none
【高效选择可视化类型】《Effective Selection of Visualizations》by Swetank Sinha,http://t.cn/Rptj5Ue
选择排序示例：,http://t.cn/RptNKfj
《数据分析和挖掘有哪些公开的数据来源？ - 知乎》,http://t.cn/RGEccj2
【社会科学数据可视化：R/ggplot2实践指南】《Data Visualization for Social Science》by Kieran Healy,http://t.cn/RptxK51
"【SketchParse：涂鸦画深度语义解析(PyTorch)】’Code, demos and data for SketchParse' by Video Analytics Lab GitHub: https ://github .com/val-iisc/sketch-parse ref:《SketchParse : Towards Rich Descriptions for Poorly Drawn Sketches using Multi-Task Hierarchical Deep Net",none
《如何评价 Squeeze-and-Excitation Networks ? - 知乎》,http://t.cn/Rptbzr7
“DeepLearningBook读书笔记” GitHub: https ://github .com/exacity/simplified-deeplearning ​​​​,none
《从Caffe2到TensorFlow，十种框架构建相同神经网络效率对比》via:机器之心,http://t.cn/RptwcKZ
part2: a deeper look at memory usage,http://t.cn/Rp51FAe
【Google AR实验室】“AR Experiments”,http://t.cn/RN2maGt
"""专访ImageNet冠军颜水成团队，如何将比赛成果在企业中落地""",none
《那些年薪百万工程师钱多事少的日常》via:,http://t.cn/RNclUls
【给非传统数据科学家的若干建议】《Advice for non-traditional data scientists》by Gordon Shotwell,http://t.cn/RNtdDAV
《他耗时一年半对比了473种文本分类模型，选题差点被导师LeCun否定》via:AI科技评论,http://t.cn/RNt3UmE
《谷歌实习博士访谈：我终于拥有了在大学实验室梦寐以求的算力》via:新智元,http://t.cn/RNta1AZ
《观点 | Life 3.0：Stuart Russell带你展望AI时代的人类未来》via:机器之心,http://t.cn/RNtHZCo
“Yelp Open Dataset”,none
【‘霉霉’ vs. AI 歌词大比拼】《Taylor Swift vs Artificial Intelligence: Who’s Better?》by Shreya Shankar,http://t.cn/RNGEHmr
【ChemGAN向药物发现发起挑战：AI能否重现天然化学多样性？】《ChemGAN challenge for drug discovery: can AI reproduce natural chemical diversity?》by Mostapha Benhenda,http://t.cn/RNGQ0bb
【八月十大热门Python网文】《Python Top 10 Articles (v.August 2017)》by Mybridge,http://t.cn/RNwg6jQ
《Artificial intelligence: The future is superintelligent | Nature》by Stuart Russell,http://t.cn/RNGStrg
【今日限免：TensorFlow入门】《Getting Started with TensorFlow》by Giancarlo Zaccone (Packt 2016),http://t.cn/RwMjPm3
"【今日焦点：模块化统计学习 vs 全推论模型】《Better together? Statistical learning in models made of modules》P E. Jacob, L M. Murray... [Harvard University & Uppsala University & University of Oxford] (2017)",http://t.cn/RNGfs9y
【全卷积语义分割综述】《Semantic Segmentation using Fully Convolutional Networks over the years》by Meet Pragnesh Shah,http://t.cn/RNGVEzp
"【TensorFlow高级API使用】《Higher-Level APIs in TensorFlow – How to use Estimator, Experiment and Dataset to train models》by Peter Roelants",http://t.cn/RNGcr9w
【深度学习源码分类】《Source Code Classification Using Deep Learning |AYLIEN》by Robson Montenegro,http://t.cn/RchY5UN
【TuChart：基于Tushare和Echarts的股票数据视觉化应用】'支持绘制个股K线，高开低收，成交量，前／后复权，个股每日分笔' by RongZhou Li GitHub: https ://github .com/Seedarchangel/TuChart ​​​​,none
【跨深度学习框架的深度网络实验】’Demo of running NNs across different frameworks' by Ilia Karmanov GitHub: https ://github .com/ilkarman/DeepLearningFrameworks/ ​​​​,none
#bilibili#,http://t.cn/RNGtTaJ
Reading group notes:,http://t.cn/RNG5eaK
【(Python)为啥'd = {}’比’d = dict()’更快？】《Why 'd = {}' is faster than 'd = dict()'》by Carl Bordum Hansen,http://t.cn/RNG5m66
【以一当十的全自动T恤缝纫机器人】《SoftWear Automation's t-shirt sewing robots can make as many shirts per hour as 17 factory workers | Quartz》by Marc Bain,http://t.cn/RNG5oKU
【Berkeley深度增强学习训练营学习总结】《Berkeley Deep RL Bootcamp》by ajschumacher,http://t.cn/RNG5qMo
《DeepL schools other online translators with clever machine learning | TechCrunch》,http://t.cn/RNGGBkm
【iOS CoreML开发指南】《A Guide to CoreML on iOS - YouTube》by Siraj Raval,http://t.cn/RNGGjs0
"《Robust continuous clustering》S A Shaha, V Koltun [University of Maryland & Intel Labs] (2017)",http://t.cn/RNGGXGm
"《A Deep Multimodal Approach for Cold-start Music Recommendation》S Oramas, O Nieto, M Sordo, X Serra [Universitat Pompeu Fabra & Pandora Media] (2017)",http://t.cn/RNGGVdd
"《Maximum entropy models capture melodic styles》J Sakellariou, F Tria, V Loreto, F Pachet (2017)",http://t.cn/RNGG5QQ
"《Towards Poisoning of Deep Learning Algorithms with Back-gradient Optimization》L Muñoz-González, B Biggio, A Demontis, A Paudice, V Wongrassamee, E C. Lupu, F Roli [Imperial College London & University of Cagliari] (2017)",http://t.cn/RNGGPlB
【CMU神经网络自然语言处理课程】《CS 11-747: Neural Networks for NLP》by Graham Neubig,http://t.cn/RN4QrBO
“ACM RecSys Challenge 2018”,http://t.cn/RN4Hyvp
《对话Yoshua Bengio | 深度学习的昨天、今天和明天》via:,http://t.cn/RN478dR
【Google增强现实SDK包ARCore介绍视频】《Introducing ARCore - YouTube》,http://t.cn/RNyUxPB
《基于达尔文进化论的遗传算法，还能帮你破解同事的密码？》via:量子位,http://t.cn/RNLexg6
【马里兰大学CMSC723计算语言学课程资料(2017)】《Computational Linguistics I ·》by Marine CARPUAT,http://t.cn/RNLpUy6
最新更新：增加Structured Prediction(结构化预测) 与 模仿学习(Imitation Learning) 两章,http://t.cn/z8j9I9B
【基于deeplearn.js在浏览器本地运行的Magenta's Performance RNN钢琴曲生成】“Magenta's Performance RNN running entirely in the browser creates piano music”,http://t.cn/RNL9ZXk
【(C++)海量基因组信息压缩管理工具】’GTC - GenoTypes Compressor' by REFRESH Bioinformatics Group GitHub: https ://github .com/refresh-bio/GTC ref:《GTC: a novel attempt to maintenance of huge genome collections compressed》,http://t.cn/RNLowip
【超爽：番茄高速分拣机】,http://t.cn/RNLXTno
"【视频集：深度学习/增强学习2017暑期学校】“Deep Learning (DLSS) and Reinforcement Learning (RLSS) Summer School, Montreal 2017 | VideoLectures.NET”",http://t.cn/RNLiKON
"【今日焦点：用深度学习打游戏】《Deep Learning for Video Game Playing》N Justesen, P Bontrager, J Togelius, S Risi [] (2017)",http://t.cn/RNLxpNg
【见证科学奇迹：第一次“听”到世界的惊喜瞬间】,http://t.cn/RNLI4QG
【时间/因果在推荐系统中的重要性】《(ReSys2017)The Importance of Time and Causality in Recommender Systems》by Justin Basilico,http://t.cn/RNLVRsW
《Benchmarking Recurrent Networks for Language Modeling》 by Danijar Hafner,http://t.cn/RNLtkei
"【Google实习研究员Philip Haeusser博士访谈：深度学习、神经网络与计算机视觉】《PhD Research Intern Philip Haeusser: deep learning, neural networks, computer vision, oh my!》",http://t.cn/RNLtGpz
"《(RLSS 2017)Pixel GAN autoencoder - VideoLectures.NET》by Alireza Makhzani,",http://t.cn/RNLz3Pk
【随机森林理解工具集】’randomForestExplainer - A set of tools to understand what is happening inside a Random Forest' by MI^2 DataLab GitHub: https ://github .com/MI2DataLab/randomForestExplainer ref:《Structure mining and knowledge extraction from random forest wit,none
“Bokeh 0.12.7 Released”,http://t.cn/RNLvd11
OpenMined:开源联合学习库(Federated Learning library) GitHub: https ://github .com/OpenMined,none
【效果不错的DeepL机器翻译(暂不支持中文)】“DeepL Translator”,http://t.cn/RNAFYD3
【Google的纸盒AR实验】《Paper Cubes by Anna Fusté & Judith Amores - AR Experiments》,http://t.cn/RNAFf2x
"【推荐系统隐私保护(摘自“推荐系统手册第二版”)】《Privacy Aspects of Recommender Systems》by Arik Friedman, Bart Knijnenburg, Kris Vanhecke, Luc Martens, and Shlomo Berkovsky",http://t.cn/RNAkF8d
"【(推荐系统)隐私保护教程】《(ReSys 2017)Privacy Tutorial》by Bart Knijnenburg, Shlomo Berkovsky",http://t.cn/RNAkQjT
【(TensorFlow)AI武装的经典太空射击游戏】'NeuroBlast - a classic arcade space shooter with ML-powered AI.' by ActiveState Software GitHub: https ://github .com/ActiveState/neuroblast,http://t.cn/RNAkoIV
【达尔文是伟大的计算机科学家？——遗传算法入门】《Was Darwin a Great Computer Scientist?》by Louis Nicolle,http://t.cn/RNADOjA
【Android平台基于Google ARCore的AR框架示例】’Experimental addon for openFrameworks to use ARCore on Android devices' by Jonas Jongejan GitHub: https ://github .com/HalfdanJ/ofxARCore ​​​​,none
John Schulman增强学习算法调试指南,none
《Data Science 101 (Getting started in NLP): Tokenization tutorial | No Free Hunch》by Rachael Tatman,http://t.cn/RNAe0Pk
"【机器学习命令行工具集锦：VW, Kaggler, LibFM, LibFFM, RGF, FastRGF, LIBLINEAR, LIBSVM, RankLib, XGBoost, LightGBM】《Command line tools for Machine learning | LinkedIn》by Marios Michailidis",http://t.cn/RNAeKKz
"""从零开始码一个皮卡丘检测器-CNN目标检测入门教程""",none
《爱可可老师24小时热门分享(2017.08.29)》,http://t.cn/RNwggjA
【深度增强学习改进技巧(John Schulman)】’Hacks for training RL systems from John Schulman's lecture at Deep RL Bootcamp (Aug 2017)' by William Falcon GitHub: https ://github .com/williamFalcon/DeepRLHacks ​​​​,none
'Convolutional and LSTM networks to classify human activity' by healthDataScience GitHub: https ://github .com/healthDataScience/deep-learning-HAR ​​​​,none
"【机器学习通俗入门之增强学习】《Machine Learning for Humans, Part 5: Reinforcement Learning》by Vishal Maini",http://t.cn/RCfHbdt
《数据是怎么变成图像的？解读 Uber 自动驾驶可视化平台》via:,http://t.cn/RNwbmAn
《零基础，没有导师指导，自己选题，该如何发CVPR...？ - 知乎》,http://t.cn/RNwvCIY
“PyTorch Pretrained Dual Path Networks (DPN)” by Ross Wightman GitHub: https ://github .com/rwightman/pytorch-dpn-pretrained ​​​​,none
【C++实现的DeepWalk】’deepwalk-c - DeepWalk implementation in C++' by xgfs GitHub: https ://github .com/xgfs/deepwalk-c ​​​​,none
link:,http://t.cn/RNhT3F5
《永久免费！吴恩达刚公布的深度学习课程上线网易云课堂》via:AI科技大本营,http://t.cn/RNZlPOj
#bilibili#,http://t.cn/RNZ9Ndm
【交互可视化：多种MCMC采样算法】“MCMC Interactive Gallery”,http://t.cn/RNZGj3e
《Weight Normalization 相比batch Normalization 有什么优点呢？ - 知乎》,http://t.cn/RNZ42zu
【Uber自驾可视化平台构建】《Engineering Uber's Self-Driving Car Visualization Platform for the Web》by Xiaoji Chen,http://t.cn/RNZ7cw5
【概率机器学习与AI】《Probabilistic Machine Learning and AI - YouTube》by Zoubin Ghahramani,http://t.cn/RNz1HyK
【讨论：(标准)卷积网络不变性】《What kind of invariances come naturally with standard convnet architectures? | Reddit》,http://t.cn/RNzTuc1
【全面了解自然语言处理库spaCy】《spaCy 101 – Everything you need to know》,http://t.cn/RNzl1I5
声纹迁移，有兴趣的童鞋可以试试,none
【走进现实的“协同推荐”】《internet suggestions are brought to pastoral settings with signs of times》,http://t.cn/RNzSihr
《开源之战：在搜集人类语音数据上，谷歌与火狐展开正面交锋》via:新智元,http://t.cn/RNza8ZK
《如何优雅地用TensorFlow预测时间序列：TFTS库详细教程》by 何之源,http://t.cn/RCcbxbe
《大规模知识图谱的构建、推理及应用》by 李健 via:人工智能头条,http://t.cn/RNzIHsQ
《为什么说持续学习才是AI的关键》via:,http://t.cn/RNhpaMv
《极端天气预测、检测森林火险...机器学习给气象气候领域带来了哪些改变？》via:,http://t.cn/RNhNWxk
【“必读”机器学习文献推荐列表】《Must read machine learning papers》by Pradeep Raamana,http://t.cn/RNhfLkV
【大量机器学习数据集上Scikit-Learn预测模型的定量比较】《Quantitative comparison of scikit-learn’s predictive models on a large number of machine learning datasets: A good start》by Pradeep Raamana,http://t.cn/RNhfPA0
"【(Python)色彩空间转换库】’colorspacious - powerful, accurate, and easy-to-use Python library for doing colorspace conversions' by Nathaniel J. Smith GitHub: https ://github .com/njsmith/colorspacious doc:",http://t.cn/RNhVOeC
《Experiments on different loss configurations for style transfer》by Sahil Singla,http://t.cn/RNhVXvb
【pix2pix人脸涂鸦实验(二)】src:,http://t.cn/RNhcWkA
"【用Keras重现R-NET自动QA框架】《Challenges of reproducing R-NET neural network using Keras》by Martin Mirakyan, Karen Hambardzumyan, Hrant Khachatrian",http://t.cn/RNhq8Gv
